{
    "$schema": "https://schema.management.azure.com/schemas/2015-01-01/deploymentParameters.json#",
    "contentVersion": "1.0.0.0",
    "parameters": {
        "extensions_vm0_irinstallGW_commandToExecute": {
            "value": null
        },
        "vulnerabilityAssessments_Default_storageContainerPath": {
            "value": null
        },
        "vulnerabilityAssessments_Default_storageContainerPath_1": {
            "value": null
        },
        "virtualMachines_vm0_ir_name": {
            "value": null
        },
        "virtualMachines_covid19_name": {
            "value": null
        },
        "networkInterfaces_vm0_irNic_name": {
            "value": null
        },
        "publicIPAddresses_vm0_ir_ip_name": {
            "value": null
        },
        "virtualNetworks_covid19_VNet_name": {
            "value": null
        },
        "networkInterfaces_covid19_NIC_name": {
            "value": null
        },
        "publicIPAddresses_covid19_PIP_name": {
            "value": null
        },
        "storageAccounts_testgithub123_name": {
            "value": null
        },
        "storageAccounts_310team6storage_name": {
            "value": null
        },
        "networkSecurityGroups_covid19_NSG_name": {
            "value": null
        },
        "servers_covid19_sqlserver_ggh7nlmcuiou6_name": {
            "value": null
        },
        "sqlVirtualMachines_covid19_name": {
            "value": null
        },
        "storageAccounts_covid19ggh7nlmcuiou6_name": {
            "value": null
        },
        "schedules_shutdown_computevm_vm0_ir_name": {
            "value": null
        },
        "schedules_shutdown_computevm_covid19_name": {
            "value": null
        },
        "workspaces_covid19_synapse_ggh7nlmcuiou6_name": {
            "value": null
        },
        "networkSecurityGroups_ir_ggh7nlmcuiou6nsg_name": {
            "value": null
        },
        "databaseAccounts_covid19_cosmosdb_ggh7nlmcuiou6_name": {
            "value": null
        }
    }
}